date,product,region,revenue
2026-09-24,iPad,North,35716
2026-09-24,iPad,South,36281
2026-09-24,iPad,South,34739
2026-09-24,iPhone,East,47045
2026-09-24,MacBook,South,45224
2026-09-24,MacBook,South,19248
2026-09-24,iPad,West,19217
2026-09-24,MacBook,South,39378
2026-09-24,AirPods,East,37002
2026-09-24,AirPods,East,7764
2026-09-24,MacBook,North,25036
2026-09-24,MacBook,South,22588
2026-09-24,MacBook,West,20704
2026-09-24,iPad,North,10994
2026-09-24,MacBook,West,28482
2026-09-24,AirPods,North,27390
2026-09-24,iPhone,East,34040
2026-09-24,iPad,East,22387
2026-09-24,MacBook,North,21915
2026-09-24,MacBook,East,8475
2026-09-24,iPad,South,21487
2026-09-24,iPad,North,39454
2026-09-24,AirPods,North,11692
2026-09-24,iPad,South,49589
2026-09-24,iPhone,South,36916
2026-09-24,MacBook,East,42047
2026-09-24,iPhone,West,37895
2026-09-24,iPhone,North,42980
2026-09-24,AirPods,South,17029
2026-09-24,iPhone,North,12907
2026-09-24,iPad,South,15733
2026-09-24,MacBook,South,46297
2026-09-24,iPhone,East,14020
2026-09-24,MacBook,West,23323
2026-09-24,iPad,East,11218
2026-09-24,iPhone,South,16989
2026-09-24,iPhone,West,41463
2026-09-24,MacBook,South,42435
2026-09-24,iPhone,South,23669
2026-09-24,AirPods,South,43348
2026-09-24,AirPods,West,39060
2026-09-24,iPad,South,31791
2026-09-24,iPad,East,5428
2026-09-24,MacBook,North,33005
2026-09-24,iPad,North,20346
2026-09-24,iPad,West,24821
2026-09-24,AirPods,North,43662
2026-09-24,iPad,North,12851
2026-09-24,MacBook,East,12434
2026-09-24,iPad,East,22730
2026-09-28,iPad,South,35837
2026-09-28,iPhone,North,20339
2026-09-28,MacBook,West,26475
2026-09-28,MacBook,West,34489
2026-09-28,iPad,South,24270
2026-09-28,MacBook,East,5146
2026-09-28,AirPods,West,38776
2026-09-28,iPad,West,22351
2026-09-28,iPhone,West,45196
2026-09-28,AirPods,West,29932
2026-09-28,MacBook,West,14815
2026-09-28,iPhone,South,29138
2026-09-28,iPhone,East,47942
2026-09-28,iPhone,East,17307
2026-09-28,iPhone,South,5274
2026-09-28,AirPods,South,9172
2026-09-28,iPad,North,36437
2026-09-28,iPhone,South,25079
2026-09-28,iPhone,West,45518
2026-09-28,iPhone,East,41921
2026-09-28,iPhone,West,11132
2026-09-28,iPhone,North,34433
2026-09-28,iPad,West,41519
2026-09-28,iPad,West,23661
2026-09-28,MacBook,West,29478
2026-09-28,AirPods,North,21453
2026-09-28,iPhone,East,46257
2026-09-28,iPhone,North,46672
2026-09-28,iPad,East,7525
2026-09-28,MacBook,North,42816
2026-09-28,MacBook,North,25482
2026-09-28,iPhone,South,15306
2026-09-28,AirPods,West,39210
2026-09-28,iPad,East,32938
2026-09-28,iPhone,North,39311
2026-09-28,iPad,North,35611
2026-09-28,iPad,North,42607
2026-09-28,iPad,North,15584
2026-09-28,AirPods,South,24051
2026-09-28,AirPods,East,22619
2026-09-28,iPhone,East,39859
2026-09-28,iPhone,North,30467
2026-09-28,MacBook,North,28600
2026-09-28,iPad,East,21823
2026-09-28,iPhone,East,29925
2026-09-28,iPhone,West,20517
2026-09-28,AirPods,East,16497
2026-09-28,AirPods,West,14703
2026-09-28,iPad,East,6800
2026-09-28,iPad,North,47571
